job_title,company,location,job_description,skills
AI Analyst,AsterByte Labs,Bangalore,"Join our retail inventory team to evaluate prediction quality and explain AI-assisted business insights. Use Python, SQL, Pandas, Machine Learning, Excel in day-to-day delivery. Collaborate with product and engineering teams, document decisions, and validate work before release. Suitable for candidates with 1 to 3 years of relevant experience.","Python, SQL, Pandas, Machine Learning, Excel"
AI Analyst,Cedar Data Systems,Hyderabad,"Join our logistics operations team to prepare labeled datasets and investigate errors in classification models. Use Python, SQL, Pandas, Machine Learning, Power BI, Scikit-learn in day-to-day delivery. Collaborate with product and engineering teams, document decisions, and validate work before release. Suitable for candidates with 2 to 4 years of relevant experience.","Python, SQL, Pandas, Machine Learning, Power BI, Scikit-learn"
AI Analyst,Nila Analytics,Pune,"Join our education platforms team to evaluate prediction quality and explain AI-assisted business insights. Use Python, SQL, Pandas, Machine Learning, Scikit-learn, NumPy in day-to-day delivery. Collaborate with product and engineering teams, document decisions, and validate work before release. Suitable for candidates with 3 to 5 years of relevant experience.","Python, SQL, Pandas, Machine Learning, Scikit-learn, NumPy"
AI Analyst,OrbitLeaf Technologies,Mumbai,"Join our subscription billing team to prepare labeled datasets and investigate errors in classification models. Use Python, SQL, Pandas, Machine Learning, NumPy in day-to-day delivery. Collaborate with product and engineering teams, document decisions, and validate work before release. Suitable for candidates with 4 to 6 years of relevant experience.","Python, SQL, Pandas, Machine Learning, NumPy"
AI Analyst,PrismBridge Software,Delhi,"Join our travel bookings team to evaluate prediction quality and explain AI-assisted business insights. Use Python, SQL, Pandas, Machine Learning, Excel, Power BI in day-to-day delivery. Collaborate with product and engineering teams, document decisions, and validate work before release. Suitable for candidates with 1 to 3 years of relevant experience.","Python, SQL, Pandas, Machine Learning, Excel, Power BI"
AI Analyst,MapleGrid Digital,Noida,"Join our manufacturing quality team to prepare labeled datasets and investigate errors in classification models. Use Python, SQL, Pandas, Machine Learning, Power BI, Scikit-learn in day-to-day delivery. Collaborate with product and engineering teams, document decisions, and validate work before release. Suitable for candidates with 2 to 4 years of relevant experience.","Python, SQL, Pandas, Machine Learning, Power BI, Scikit-learn"
AI Analyst,RiverPeak Solutions,Chennai,"Join our customer support team to evaluate prediction quality and explain AI-assisted business insights. Use Python, SQL, Pandas, Machine Learning, Scikit-learn in day-to-day delivery. Collaborate with product and engineering teams, document decisions, and validate work before release. Suitable for candidates with 3 to 5 years of relevant experience.","Python, SQL, Pandas, Machine Learning, Scikit-learn"
AI Analyst,CoralStack Systems,Gurugram,"Join our energy usage team to prepare labeled datasets and investigate errors in classification models. Use Python, SQL, Pandas, Machine Learning, NumPy, Excel in day-to-day delivery. Collaborate with product and engineering teams, document decisions, and validate work before release. Suitable for candidates with 4 to 6 years of relevant experience.","Python, SQL, Pandas, Machine Learning, NumPy, Excel"
Data Analyst,OrbitLeaf Technologies,Hyderabad,"Join our logistics operations team to investigate reporting discrepancies and build operational dashboards. Use SQL, Excel, Power BI, Python in day-to-day delivery. Collaborate with product and engineering teams, document decisions, and validate work before release. Suitable for candidates with 1 to 3 years of relevant experience.","SQL, Excel, Power BI, Python"
Data Analyst,PrismBridge Software,Pune,"Join our education platforms team to clean transaction data and present weekly performance trends. Use SQL, Excel, Power BI, Pandas, Tableau in day-to-day delivery. Collaborate with product and engineering teams, document decisions, and validate work before release. Suitable for candidates with 2 to 4 years of relevant experience.","SQL, Excel, Power BI, Pandas, Tableau"
Data Analyst,MapleGrid Digital,Mumbai,"Join our subscription billing team to investigate reporting discrepancies and build operational dashboards. Use SQL, Excel, Power BI, Tableau, Statistics in day-to-day delivery. Collaborate with product and engineering teams, document decisions, and validate work before release. Suitable for candidates with 3 to 5 years of relevant experience.","SQL, Excel, Power BI, Tableau, Statistics"
Data Analyst,RiverPeak Solutions,Delhi,"Join our travel bookings team to clean transaction data and present weekly performance trends. Use SQL, Excel, Power BI, Statistics in day-to-day delivery. Collaborate with product and engineering teams, document decisions, and validate work before release. Suitable for candidates with 4 to 6 years of relevant experience.","SQL, Excel, Power BI, Statistics"
Data Analyst,CoralStack Systems,Noida,"Join our manufacturing quality team to investigate reporting discrepancies and build operational dashboards. Use SQL, Excel, Power BI, Python, Pandas in day-to-day delivery. Collaborate with product and engineering teams, document decisions, and validate work before release. Suitable for candidates with 1 to 3 years of relevant experience.","SQL, Excel, Power BI, Python, Pandas"
Data Analyst,SilverFern Cloud,Chennai,"Join our customer support team to clean transaction data and present weekly performance trends. Use SQL, Excel, Power BI, Pandas, Tableau in day-to-day delivery. Collaborate with product and engineering teams, document decisions, and validate work before release. Suitable for candidates with 2 to 4 years of relevant experience.","SQL, Excel, Power BI, Pandas, Tableau"
Data Analyst,MangoTree Insights,Gurugram,"Join our energy usage team to investigate reporting discrepancies and build operational dashboards. Use SQL, Excel, Power BI, Tableau in day-to-day delivery. Collaborate with product and engineering teams, document decisions, and validate work before release. Suitable for candidates with 3 to 5 years of relevant experience.","SQL, Excel, Power BI, Tableau"
Data Analyst,QuartzPath Technologies,Kolkata,"Join our insurance operations team to clean transaction data and present weekly performance trends. Use SQL, Excel, Power BI, Statistics, Python in day-to-day delivery. Collaborate with product and engineering teams, document decisions, and validate work before release. Suitable for candidates with 4 to 6 years of relevant experience.","SQL, Excel, Power BI, Statistics, Python"
Data Analyst,BlueKite Digital,Bangalore,"Join our warehouse planning team to investigate reporting discrepancies and build operational dashboards. Use SQL, Excel, Power BI, Python, Pandas in day-to-day delivery. Collaborate with product and engineering teams, document decisions, and validate work before release. Suitable for candidates with 1 to 3 years of relevant experience.","SQL, Excel, Power BI, Python, Pandas"
Business Analyst,RiverPeak Solutions,Pune,"Join our education platforms team to translate stakeholder needs into acceptance criteria and process reports. Use Excel, SQL, Requirements Analysis, Power BI in day-to-day delivery. Collaborate with product and engineering teams, document decisions, and validate work before release. Suitable for candidates with 1 to 3 years of relevant experience.","Excel, SQL, Requirements Analysis, Power BI"
Business Analyst,CoralStack Systems,Mumbai,"Join our subscription billing team to map business processes and measure the impact of product changes. Use Excel, SQL, Requirements Analysis, Tableau, Agile in day-to-day delivery. Collaborate with product and engineering teams, document decisions, and validate work before release. Suitable for candidates with 2 to 4 years of relevant experience.","Excel, SQL, Requirements Analysis, Tableau, Agile"
Business Analyst,SilverFern Cloud,Delhi,"Join our travel bookings team to translate stakeholder needs into acceptance criteria and process reports. Use Excel, SQL, Requirements Analysis, Agile, Data Visualization in day-to-day delivery. Collaborate with product and engineering teams, document decisions, and validate work before release. Suitable for candidates with 3 to 5 years of relevant experience.","Excel, SQL, Requirements Analysis, Agile, Data Visualization"
Business Analyst,MangoTree Insights,Noida,"Join our manufacturing quality team to map business processes and measure the impact of product changes. Use Excel, SQL, Requirements Analysis, Data Visualization in day-to-day delivery. Collaborate with product and engineering teams, document decisions, and validate work before release. Suitable for candidates with 4 to 6 years of relevant experience.","Excel, SQL, Requirements Analysis, Data Visualization"
Business Analyst,QuartzPath Technologies,Chennai,"Join our customer support team to translate stakeholder needs into acceptance criteria and process reports. Use Excel, SQL, Requirements Analysis, Power BI, Tableau in day-to-day delivery. Collaborate with product and engineering teams, document decisions, and validate work before release. Suitable for candidates with 1 to 3 years of relevant experience.","Excel, SQL, Requirements Analysis, Power BI, Tableau"
Business Analyst,BlueKite Digital,Gurugram,"Join our energy usage team to map business processes and measure the impact of product changes. Use Excel, SQL, Requirements Analysis, Tableau, Agile in day-to-day delivery. Collaborate with product and engineering teams, document decisions, and validate work before release. Suitable for candidates with 2 to 4 years of relevant experience.","Excel, SQL, Requirements Analysis, Tableau, Agile"
Business Analyst,CopperLane Labs,Kolkata,"Join our insurance operations team to translate stakeholder needs into acceptance criteria and process reports. Use Excel, SQL, Requirements Analysis, Agile in day-to-day delivery. Collaborate with product and engineering teams, document decisions, and validate work before release. Suitable for candidates with 3 to 5 years of relevant experience.","Excel, SQL, Requirements Analysis, Agile"
Business Analyst,LotusWave Software,Bangalore,"Join our warehouse planning team to map business processes and measure the impact of product changes. Use Excel, SQL, Requirements Analysis, Data Visualization, Power BI in day-to-day delivery. Collaborate with product and engineering teams, document decisions, and validate work before release. Suitable for candidates with 4 to 6 years of relevant experience.","Excel, SQL, Requirements Analysis, Data Visualization, Power BI"
Business Analyst,AmberNest Analytics,Hyderabad,"Join our supplier management team to translate stakeholder needs into acceptance criteria and process reports. Use Excel, SQL, Requirements Analysis, Power BI, Tableau in day-to-day delivery. Collaborate with product and engineering teams, document decisions, and validate work before release. Suitable for candidates with 1 to 3 years of relevant experience.","Excel, SQL, Requirements Analysis, Power BI, Tableau"
Business Analyst,SaffronLoop Systems,Pune,"Join our online marketplaces team to map business processes and measure the impact of product changes. Use Excel, SQL, Requirements Analysis, Tableau in day-to-day delivery. Collaborate with product and engineering teams, document decisions, and validate work before release. Suitable for candidates with 2 to 4 years of relevant experience.","Excel, SQL, Requirements Analysis, Tableau"
Machine Learning Engineer,MangoTree Insights,Mumbai,"Join our subscription billing team to build reproducible training pipelines and monitor model performance. Use Python, Machine Learning, Scikit-learn, NumPy, Pandas in day-to-day delivery. Collaborate with product and engineering teams, document decisions, and validate work before release. Suitable for candidates with 1 to 3 years of relevant experience.","Python, Machine Learning, Scikit-learn, NumPy, Pandas"
Machine Learning Engineer,QuartzPath Technologies,Delhi,"Join our travel bookings team to deploy prediction services and validate models against held-out data. Use Python, Machine Learning, Scikit-learn, NumPy, Docker, AWS in day-to-day delivery. Collaborate with product and engineering teams, document decisions, and validate work before release. Suitable for candidates with 2 to 4 years of relevant experience.","Python, Machine Learning, Scikit-learn, NumPy, Docker, AWS"
Machine Learning Engineer,BlueKite Digital,Noida,"Join our manufacturing quality team to build reproducible training pipelines and monitor model performance. Use Python, Machine Learning, Scikit-learn, NumPy, AWS, FastAPI in day-to-day delivery. Collaborate with product and engineering teams, document decisions, and validate work before release. Suitable for candidates with 3 to 5 years of relevant experience.","Python, Machine Learning, Scikit-learn, NumPy, AWS, FastAPI"
Machine Learning Engineer,CopperLane Labs,Chennai,"Join our customer support team to deploy prediction services and validate models against held-out data. Use Python, Machine Learning, Scikit-learn, NumPy, FastAPI in day-to-day delivery. Collaborate with product and engineering teams, document decisions, and validate work before release. Suitable for candidates with 4 to 6 years of relevant experience.","Python, Machine Learning, Scikit-learn, NumPy, FastAPI"
Machine Learning Engineer,LotusWave Software,Gurugram,"Join our energy usage team to build reproducible training pipelines and monitor model performance. Use Python, Machine Learning, Scikit-learn, NumPy, Pandas, Docker in day-to-day delivery. Collaborate with product and engineering teams, document decisions, and validate work before release. Suitable for candidates with 1 to 3 years of relevant experience.","Python, Machine Learning, Scikit-learn, NumPy, Pandas, Docker"
Machine Learning Engineer,AmberNest Analytics,Kolkata,"Join our insurance operations team to deploy prediction services and validate models against held-out data. Use Python, Machine Learning, Scikit-learn, NumPy, Docker, AWS in day-to-day delivery. Collaborate with product and engineering teams, document decisions, and validate work before release. Suitable for candidates with 2 to 4 years of relevant experience.","Python, Machine Learning, Scikit-learn, NumPy, Docker, AWS"
Machine Learning Engineer,SaffronLoop Systems,Bangalore,"Join our warehouse planning team to build reproducible training pipelines and monitor model performance. Use Python, Machine Learning, Scikit-learn, NumPy, AWS in day-to-day delivery. Collaborate with product and engineering teams, document decisions, and validate work before release. Suitable for candidates with 3 to 5 years of relevant experience.","Python, Machine Learning, Scikit-learn, NumPy, AWS"
Machine Learning Engineer,IvoryArc Digital,Hyderabad,"Join our supplier management team to deploy prediction services and validate models against held-out data. Use Python, Machine Learning, Scikit-learn, NumPy, FastAPI, Pandas in day-to-day delivery. Collaborate with product and engineering teams, document decisions, and validate work before release. Suitable for candidates with 4 to 6 years of relevant experience.","Python, Machine Learning, Scikit-learn, NumPy, FastAPI, Pandas"
Machine Learning Engineer,PebbleCloud Labs,Pune,"Join our online marketplaces team to build reproducible training pipelines and monitor model performance. Use Python, Machine Learning, Scikit-learn, NumPy, Pandas, Docker in day-to-day delivery. Collaborate with product and engineering teams, document decisions, and validate work before release. Suitable for candidates with 1 to 3 years of relevant experience.","Python, Machine Learning, Scikit-learn, NumPy, Pandas, Docker"
Machine Learning Engineer,AsterByte Labs,Mumbai,"Join our retail inventory team to deploy prediction services and validate models against held-out data. Use Python, Machine Learning, Scikit-learn, NumPy, Docker in day-to-day delivery. Collaborate with product and engineering teams, document decisions, and validate work before release. Suitable for candidates with 2 to 4 years of relevant experience.","Python, Machine Learning, Scikit-learn, NumPy, Docker"
Machine Learning Engineer,Cedar Data Systems,Delhi,"Join our logistics operations team to build reproducible training pipelines and monitor model performance. Use Python, Machine Learning, Scikit-learn, NumPy, AWS, FastAPI in day-to-day delivery. Collaborate with product and engineering teams, document decisions, and validate work before release. Suitable for candidates with 3 to 5 years of relevant experience.","Python, Machine Learning, Scikit-learn, NumPy, AWS, FastAPI"
Data Scientist,CopperLane Labs,Delhi,"Join our travel bookings team to design experiments and develop forecasting models with measurable baselines. Use Python, Pandas, Machine Learning, Statistics, SQL in day-to-day delivery. Collaborate with product and engineering teams, document decisions, and validate work before release. Suitable for candidates with 1 to 3 years of relevant experience.","Python, Pandas, Machine Learning, Statistics, SQL"
Data Scientist,LotusWave Software,Noida,"Join our manufacturing quality team to explore customer behavior and communicate predictive modeling results. Use Python, Pandas, Machine Learning, Statistics, NumPy, Scikit-learn in day-to-day delivery. Collaborate with product and engineering teams, document decisions, and validate work before release. Suitable for candidates with 2 to 4 years of relevant experience.","Python, Pandas, Machine Learning, Statistics, NumPy, Scikit-learn"
Data Scientist,AmberNest Analytics,Chennai,"Join our customer support team to design experiments and develop forecasting models with measurable baselines. Use Python, Pandas, Machine Learning, Statistics, Scikit-learn, Data Visualization in day-to-day delivery. Collaborate with product and engineering teams, document decisions, and validate work before release. Suitable for candidates with 3 to 5 years of relevant experience.","Python, Pandas, Machine Learning, Statistics, Scikit-learn, Data Visualization"
Data Scientist,SaffronLoop Systems,Gurugram,"Join our energy usage team to explore customer behavior and communicate predictive modeling results. Use Python, Pandas, Machine Learning, Statistics, Data Visualization in day-to-day delivery. Collaborate with product and engineering teams, document decisions, and validate work before release. Suitable for candidates with 4 to 6 years of relevant experience.","Python, Pandas, Machine Learning, Statistics, Data Visualization"
Data Scientist,IvoryArc Digital,Kolkata,"Join our insurance operations team to design experiments and develop forecasting models with measurable baselines. Use Python, Pandas, Machine Learning, Statistics, SQL, NumPy in day-to-day delivery. Collaborate with product and engineering teams, document decisions, and validate work before release. Suitable for candidates with 1 to 3 years of relevant experience.","Python, Pandas, Machine Learning, Statistics, SQL, NumPy"
Data Scientist,PebbleCloud Labs,Bangalore,"Join our warehouse planning team to explore customer behavior and communicate predictive modeling results. Use Python, Pandas, Machine Learning, Statistics, NumPy, Scikit-learn in day-to-day delivery. Collaborate with product and engineering teams, document decisions, and validate work before release. Suitable for candidates with 2 to 4 years of relevant experience.","Python, Pandas, Machine Learning, Statistics, NumPy, Scikit-learn"
Data Scientist,AsterByte Labs,Hyderabad,"Join our supplier management team to design experiments and develop forecasting models with measurable baselines. Use Python, Pandas, Machine Learning, Statistics, Scikit-learn in day-to-day delivery. Collaborate with product and engineering teams, document decisions, and validate work before release. Suitable for candidates with 3 to 5 years of relevant experience.","Python, Pandas, Machine Learning, Statistics, Scikit-learn"
Data Scientist,Cedar Data Systems,Pune,"Join our online marketplaces team to explore customer behavior and communicate predictive modeling results. Use Python, Pandas, Machine Learning, Statistics, Data Visualization, SQL in day-to-day delivery. Collaborate with product and engineering teams, document decisions, and validate work before release. Suitable for candidates with 4 to 6 years of relevant experience.","Python, Pandas, Machine Learning, Statistics, Data Visualization, SQL"
Data Scientist,Nila Analytics,Mumbai,"Join our retail inventory team to design experiments and develop forecasting models with measurable baselines. Use Python, Pandas, Machine Learning, Statistics, SQL, NumPy in day-to-day delivery. Collaborate with product and engineering teams, document decisions, and validate work before release. Suitable for candidates with 1 to 3 years of relevant experience.","Python, Pandas, Machine Learning, Statistics, SQL, NumPy"
Data Scientist,OrbitLeaf Technologies,Delhi,"Join our logistics operations team to explore customer behavior and communicate predictive modeling results. Use Python, Pandas, Machine Learning, Statistics, NumPy in day-to-day delivery. Collaborate with product and engineering teams, document decisions, and validate work before release. Suitable for candidates with 2 to 4 years of relevant experience.","Python, Pandas, Machine Learning, Statistics, NumPy"
Data Scientist,PrismBridge Software,Noida,"Join our education platforms team to design experiments and develop forecasting models with measurable baselines. Use Python, Pandas, Machine Learning, Statistics, Scikit-learn, Data Visualization in day-to-day delivery. Collaborate with product and engineering teams, document decisions, and validate work before release. Suitable for candidates with 3 to 5 years of relevant experience.","Python, Pandas, Machine Learning, Statistics, Scikit-learn, Data Visualization"
Data Scientist,MapleGrid Digital,Chennai,"Join our subscription billing team to explore customer behavior and communicate predictive modeling results. Use Python, Pandas, Machine Learning, Statistics, Data Visualization, SQL in day-to-day delivery. Collaborate with product and engineering teams, document decisions, and validate work before release. Suitable for candidates with 4 to 6 years of relevant experience.","Python, Pandas, Machine Learning, Statistics, Data Visualization, SQL"
Software Engineer,SaffronLoop Systems,Noida,"Join our manufacturing quality team to implement application features and review tested service code. Use Java, SQL, Git, REST APIs in day-to-day delivery. Collaborate with product and engineering teams, document decisions, and validate work before release. Suitable for candidates with 1 to 3 years of relevant experience.","Java, SQL, Git, REST APIs"
Software Engineer,IvoryArc Digital,Chennai,"Join our customer support team to resolve production defects and improve database-backed applications. Use Java, SQL, Git, Spring Boot, Docker in day-to-day delivery. Collaborate with product and engineering teams, document decisions, and validate work before release. Suitable for candidates with 2 to 4 years of relevant experience.","Java, SQL, Git, Spring Boot, Docker"
Software Engineer,PebbleCloud Labs,Gurugram,"Join our energy usage team to implement application features and review tested service code. Use Java, SQL, Git, Docker, Unit Testing in day-to-day delivery. Collaborate with product and engineering teams, document decisions, and validate work before release. Suitable for candidates with 3 to 5 years of relevant experience.","Java, SQL, Git, Docker, Unit Testing"
Software Engineer,AsterByte Labs,Kolkata,"Join our insurance operations team to resolve production defects and improve database-backed applications. Use Java, SQL, Git, Unit Testing in day-to-day delivery. Collaborate with product and engineering teams, document decisions, and validate work before release. Suitable for candidates with 4 to 6 years of relevant experience.","Java, SQL, Git, Unit Testing"
Software Engineer,Cedar Data Systems,Bangalore,"Join our warehouse planning team to implement application features and review tested service code. Use Java, SQL, Git, REST APIs, Spring Boot in day-to-day delivery. Collaborate with product and engineering teams, document decisions, and validate work before release. Suitable for candidates with 1 to 3 years of relevant experience.","Java, SQL, Git, REST APIs, Spring Boot"
Software Engineer,Nila Analytics,Hyderabad,"Join our supplier management team to resolve production defects and improve database-backed applications. Use Java, SQL, Git, Spring Boot, Docker in day-to-day delivery. Collaborate with product and engineering teams, document decisions, and validate work before release. Suitable for candidates with 2 to 4 years of relevant experience.","Java, SQL, Git, Spring Boot, Docker"
Software Engineer,OrbitLeaf Technologies,Pune,"Join our online marketplaces team to implement application features and review tested service code. Use Java, SQL, Git, Docker in day-to-day delivery. Collaborate with product and engineering teams, document decisions, and validate work before release. Suitable for candidates with 3 to 5 years of relevant experience.","Java, SQL, Git, Docker"
Software Engineer,PrismBridge Software,Mumbai,"Join our retail inventory team to resolve production defects and improve database-backed applications. Use Java, SQL, Git, Unit Testing, REST APIs in day-to-day delivery. Collaborate with product and engineering teams, document decisions, and validate work before release. Suitable for candidates with 4 to 6 years of relevant experience.","Java, SQL, Git, Unit Testing, REST APIs"
Frontend Developer,AsterByte Labs,Chennai,"Join our customer support team to build accessible responsive interfaces and reusable UI components. Use React, JavaScript, HTML, CSS, TypeScript in day-to-day delivery. Collaborate with product and engineering teams, document decisions, and validate work before release. Suitable for candidates with 1 to 3 years of relevant experience.","React, JavaScript, HTML, CSS, TypeScript"
Frontend Developer,Cedar Data Systems,Gurugram,"Join our energy usage team to integrate browser interfaces with APIs and optimize page performance. Use React, JavaScript, HTML, CSS, Git, REST APIs in day-to-day delivery. Collaborate with product and engineering teams, document decisions, and validate work before release. Suitable for candidates with 2 to 4 years of relevant experience.","React, JavaScript, HTML, CSS, Git, REST APIs"
Frontend Developer,Nila Analytics,Kolkata,"Join our insurance operations team to build accessible responsive interfaces and reusable UI components. Use React, JavaScript, HTML, CSS, REST APIs, Unit Testing in day-to-day delivery. Collaborate with product and engineering teams, document decisions, and validate work before release. Suitable for candidates with 3 to 5 years of relevant experience.","React, JavaScript, HTML, CSS, REST APIs, Unit Testing"
Frontend Developer,OrbitLeaf Technologies,Bangalore,"Join our warehouse planning team to integrate browser interfaces with APIs and optimize page performance. Use React, JavaScript, HTML, CSS, Unit Testing in day-to-day delivery. Collaborate with product and engineering teams, document decisions, and validate work before release. Suitable for candidates with 4 to 6 years of relevant experience.","React, JavaScript, HTML, CSS, Unit Testing"
Frontend Developer,PrismBridge Software,Hyderabad,"Join our supplier management team to build accessible responsive interfaces and reusable UI components. Use React, JavaScript, HTML, CSS, TypeScript, Git in day-to-day delivery. Collaborate with product and engineering teams, document decisions, and validate work before release. Suitable for candidates with 1 to 3 years of relevant experience.","React, JavaScript, HTML, CSS, TypeScript, Git"
Frontend Developer,MapleGrid Digital,Pune,"Join our online marketplaces team to integrate browser interfaces with APIs and optimize page performance. Use React, JavaScript, HTML, CSS, Git, REST APIs in day-to-day delivery. Collaborate with product and engineering teams, document decisions, and validate work before release. Suitable for candidates with 2 to 4 years of relevant experience.","React, JavaScript, HTML, CSS, Git, REST APIs"
Frontend Developer,RiverPeak Solutions,Mumbai,"Join our retail inventory team to build accessible responsive interfaces and reusable UI components. Use React, JavaScript, HTML, CSS, REST APIs in day-to-day delivery. Collaborate with product and engineering teams, document decisions, and validate work before release. Suitable for candidates with 3 to 5 years of relevant experience.","React, JavaScript, HTML, CSS, REST APIs"
Frontend Developer,CoralStack Systems,Delhi,"Join our logistics operations team to integrate browser interfaces with APIs and optimize page performance. Use React, JavaScript, HTML, CSS, Unit Testing, TypeScript in day-to-day delivery. Collaborate with product and engineering teams, document decisions, and validate work before release. Suitable for candidates with 4 to 6 years of relevant experience.","React, JavaScript, HTML, CSS, Unit Testing, TypeScript"
Frontend Developer,SilverFern Cloud,Noida,"Join our education platforms team to build accessible responsive interfaces and reusable UI components. Use React, JavaScript, HTML, CSS, TypeScript, Git in day-to-day delivery. Collaborate with product and engineering teams, document decisions, and validate work before release. Suitable for candidates with 1 to 3 years of relevant experience.","React, JavaScript, HTML, CSS, TypeScript, Git"
Backend Developer,OrbitLeaf Technologies,Gurugram,"Join our energy usage team to design authenticated service endpoints and optimize database queries. Use Node.js, JavaScript, REST APIs, PostgreSQL, Docker in day-to-day delivery. Collaborate with product and engineering teams, document decisions, and validate work before release. Suitable for candidates with 1 to 3 years of relevant experience.","Node.js, JavaScript, REST APIs, PostgreSQL, Docker"
Backend Developer,PrismBridge Software,Kolkata,"Join our insurance operations team to build reliable asynchronous services and maintain integration tests. Use Node.js, JavaScript, REST APIs, PostgreSQL, AWS, Express.js in day-to-day delivery. Collaborate with product and engineering teams, document decisions, and validate work before release. Suitable for candidates with 2 to 4 years of relevant experience.","Node.js, JavaScript, REST APIs, PostgreSQL, AWS, Express.js"
Backend Developer,MapleGrid Digital,Bangalore,"Join our warehouse planning team to design authenticated service endpoints and optimize database queries. Use Node.js, JavaScript, REST APIs, PostgreSQL, Express.js, MongoDB in day-to-day delivery. Collaborate with product and engineering teams, document decisions, and validate work before release. Suitable for candidates with 3 to 5 years of relevant experience.","Node.js, JavaScript, REST APIs, PostgreSQL, Express.js, MongoDB"
Backend Developer,RiverPeak Solutions,Hyderabad,"Join our supplier management team to build reliable asynchronous services and maintain integration tests. Use Node.js, JavaScript, REST APIs, PostgreSQL, MongoDB in day-to-day delivery. Collaborate with product and engineering teams, document decisions, and validate work before release. Suitable for candidates with 4 to 6 years of relevant experience.","Node.js, JavaScript, REST APIs, PostgreSQL, MongoDB"
Backend Developer,CoralStack Systems,Pune,"Join our online marketplaces team to design authenticated service endpoints and optimize database queries. Use Node.js, JavaScript, REST APIs, PostgreSQL, Docker, AWS in day-to-day delivery. Collaborate with product and engineering teams, document decisions, and validate work before release. Suitable for candidates with 1 to 3 years of relevant experience.","Node.js, JavaScript, REST APIs, PostgreSQL, Docker, AWS"
Backend Developer,SilverFern Cloud,Mumbai,"Join our retail inventory team to build reliable asynchronous services and maintain integration tests. Use Node.js, JavaScript, REST APIs, PostgreSQL, AWS, Express.js in day-to-day delivery. Collaborate with product and engineering teams, document decisions, and validate work before release. Suitable for candidates with 2 to 4 years of relevant experience.","Node.js, JavaScript, REST APIs, PostgreSQL, AWS, Express.js"
Backend Developer,MangoTree Insights,Delhi,"Join our logistics operations team to design authenticated service endpoints and optimize database queries. Use Node.js, JavaScript, REST APIs, PostgreSQL, Express.js in day-to-day delivery. Collaborate with product and engineering teams, document decisions, and validate work before release. Suitable for candidates with 3 to 5 years of relevant experience.","Node.js, JavaScript, REST APIs, PostgreSQL, Express.js"
Backend Developer,QuartzPath Technologies,Noida,"Join our education platforms team to build reliable asynchronous services and maintain integration tests. Use Node.js, JavaScript, REST APIs, PostgreSQL, MongoDB, Docker in day-to-day delivery. Collaborate with product and engineering teams, document decisions, and validate work before release. Suitable for candidates with 4 to 6 years of relevant experience.","Node.js, JavaScript, REST APIs, PostgreSQL, MongoDB, Docker"
Backend Developer,BlueKite Digital,Chennai,"Join our subscription billing team to design authenticated service endpoints and optimize database queries. Use Node.js, JavaScript, REST APIs, PostgreSQL, Docker, AWS in day-to-day delivery. Collaborate with product and engineering teams, document decisions, and validate work before release. Suitable for candidates with 1 to 3 years of relevant experience.","Node.js, JavaScript, REST APIs, PostgreSQL, Docker, AWS"
Backend Developer,CopperLane Labs,Gurugram,"Join our travel bookings team to build reliable asynchronous services and maintain integration tests. Use Node.js, JavaScript, REST APIs, PostgreSQL, AWS in day-to-day delivery. Collaborate with product and engineering teams, document decisions, and validate work before release. Suitable for candidates with 2 to 4 years of relevant experience.","Node.js, JavaScript, REST APIs, PostgreSQL, AWS"
Full Stack Developer,RiverPeak Solutions,Kolkata,"Join our insurance operations team to deliver web features across user interfaces and backend services. Use React, Node.js, JavaScript, REST APIs, MongoDB in day-to-day delivery. Collaborate with product and engineering teams, document decisions, and validate work before release. Suitable for candidates with 1 to 3 years of relevant experience.","React, Node.js, JavaScript, REST APIs, MongoDB"
Full Stack Developer,CoralStack Systems,Bangalore,"Join our warehouse planning team to build internal web applications with secure data access. Use React, Node.js, JavaScript, REST APIs, PostgreSQL, Git in day-to-day delivery. Collaborate with product and engineering teams, document decisions, and validate work before release. Suitable for candidates with 2 to 4 years of relevant experience.","React, Node.js, JavaScript, REST APIs, PostgreSQL, Git"
Full Stack Developer,SilverFern Cloud,Hyderabad,"Join our supplier management team to deliver web features across user interfaces and backend services. Use React, Node.js, JavaScript, REST APIs, Git, Docker in day-to-day delivery. Collaborate with product and engineering teams, document decisions, and validate work before release. Suitable for candidates with 3 to 5 years of relevant experience.","React, Node.js, JavaScript, REST APIs, Git, Docker"
Full Stack Developer,MangoTree Insights,Pune,"Join our online marketplaces team to build internal web applications with secure data access. Use React, Node.js, JavaScript, REST APIs, Docker in day-to-day delivery. Collaborate with product and engineering teams, document decisions, and validate work before release. Suitable for candidates with 4 to 6 years of relevant experience.","React, Node.js, JavaScript, REST APIs, Docker"
Full Stack Developer,QuartzPath Technologies,Mumbai,"Join our retail inventory team to deliver web features across user interfaces and backend services. Use React, Node.js, JavaScript, REST APIs, MongoDB, PostgreSQL in day-to-day delivery. Collaborate with product and engineering teams, document decisions, and validate work before release. Suitable for candidates with 1 to 3 years of relevant experience.","React, Node.js, JavaScript, REST APIs, MongoDB, PostgreSQL"
Full Stack Developer,BlueKite Digital,Delhi,"Join our logistics operations team to build internal web applications with secure data access. Use React, Node.js, JavaScript, REST APIs, PostgreSQL, Git in day-to-day delivery. Collaborate with product and engineering teams, document decisions, and validate work before release. Suitable for candidates with 2 to 4 years of relevant experience.","React, Node.js, JavaScript, REST APIs, PostgreSQL, Git"
Full Stack Developer,CopperLane Labs,Noida,"Join our education platforms team to deliver web features across user interfaces and backend services. Use React, Node.js, JavaScript, REST APIs, Git in day-to-day delivery. Collaborate with product and engineering teams, document decisions, and validate work before release. Suitable for candidates with 3 to 5 years of relevant experience.","React, Node.js, JavaScript, REST APIs, Git"
Full Stack Developer,LotusWave Software,Chennai,"Join our subscription billing team to build internal web applications with secure data access. Use React, Node.js, JavaScript, REST APIs, Docker, MongoDB in day-to-day delivery. Collaborate with product and engineering teams, document decisions, and validate work before release. Suitable for candidates with 4 to 6 years of relevant experience.","React, Node.js, JavaScript, REST APIs, Docker, MongoDB"
Full Stack Developer,AmberNest Analytics,Gurugram,"Join our travel bookings team to deliver web features across user interfaces and backend services. Use React, Node.js, JavaScript, REST APIs, MongoDB, PostgreSQL in day-to-day delivery. Collaborate with product and engineering teams, document decisions, and validate work before release. Suitable for candidates with 1 to 3 years of relevant experience.","React, Node.js, JavaScript, REST APIs, MongoDB, PostgreSQL"
Full Stack Developer,SaffronLoop Systems,Kolkata,"Join our manufacturing quality team to build internal web applications with secure data access. Use React, Node.js, JavaScript, REST APIs, PostgreSQL in day-to-day delivery. Collaborate with product and engineering teams, document decisions, and validate work before release. Suitable for candidates with 2 to 4 years of relevant experience.","React, Node.js, JavaScript, REST APIs, PostgreSQL"
Full Stack Developer,IvoryArc Digital,Bangalore,"Join our customer support team to deliver web features across user interfaces and backend services. Use React, Node.js, JavaScript, REST APIs, Git, Docker in day-to-day delivery. Collaborate with product and engineering teams, document decisions, and validate work before release. Suitable for candidates with 3 to 5 years of relevant experience.","React, Node.js, JavaScript, REST APIs, Git, Docker"
Java Developer,MangoTree Insights,Bangalore,"Join our warehouse planning team to implement transactional services and maintain enterprise integrations. Use Java, SQL, Spring Boot, REST APIs in day-to-day delivery. Collaborate with product and engineering teams, document decisions, and validate work before release. Suitable for candidates with 1 to 3 years of relevant experience.","Java, SQL, Spring Boot, REST APIs"
Java Developer,QuartzPath Technologies,Hyderabad,"Join our supplier management team to develop enterprise APIs and troubleshoot service performance. Use Java, SQL, Spring Boot, PostgreSQL, Git in day-to-day delivery. Collaborate with product and engineering teams, document decisions, and validate work before release. Suitable for candidates with 2 to 4 years of relevant experience.","Java, SQL, Spring Boot, PostgreSQL, Git"
Java Developer,BlueKite Digital,Pune,"Join our online marketplaces team to implement transactional services and maintain enterprise integrations. Use Java, SQL, Spring Boot, Git, Unit Testing in day-to-day delivery. Collaborate with product and engineering teams, document decisions, and validate work before release. Suitable for candidates with 3 to 5 years of relevant experience.","Java, SQL, Spring Boot, Git, Unit Testing"
Java Developer,CopperLane Labs,Mumbai,"Join our retail inventory team to develop enterprise APIs and troubleshoot service performance. Use Java, SQL, Spring Boot, Unit Testing in day-to-day delivery. Collaborate with product and engineering teams, document decisions, and validate work before release. Suitable for candidates with 4 to 6 years of relevant experience.","Java, SQL, Spring Boot, Unit Testing"
Java Developer,LotusWave Software,Delhi,"Join our logistics operations team to implement transactional services and maintain enterprise integrations. Use Java, SQL, Spring Boot, REST APIs, PostgreSQL in day-to-day delivery. Collaborate with product and engineering teams, document decisions, and validate work before release. Suitable for candidates with 1 to 3 years of relevant experience.","Java, SQL, Spring Boot, REST APIs, PostgreSQL"
Java Developer,AmberNest Analytics,Noida,"Join our education platforms team to develop enterprise APIs and troubleshoot service performance. Use Java, SQL, Spring Boot, PostgreSQL, Git in day-to-day delivery. Collaborate with product and engineering teams, document decisions, and validate work before release. Suitable for candidates with 2 to 4 years of relevant experience.","Java, SQL, Spring Boot, PostgreSQL, Git"
Java Developer,SaffronLoop Systems,Chennai,"Join our subscription billing team to implement transactional services and maintain enterprise integrations. Use Java, SQL, Spring Boot, Git in day-to-day delivery. Collaborate with product and engineering teams, document decisions, and validate work before release. Suitable for candidates with 3 to 5 years of relevant experience.","Java, SQL, Spring Boot, Git"
Java Developer,IvoryArc Digital,Gurugram,"Join our travel bookings team to develop enterprise APIs and troubleshoot service performance. Use Java, SQL, Spring Boot, Unit Testing, REST APIs in day-to-day delivery. Collaborate with product and engineering teams, document decisions, and validate work before release. Suitable for candidates with 4 to 6 years of relevant experience.","Java, SQL, Spring Boot, Unit Testing, REST APIs"
Java Developer,PebbleCloud Labs,Kolkata,"Join our manufacturing quality team to implement transactional services and maintain enterprise integrations. Use Java, SQL, Spring Boot, REST APIs, PostgreSQL in day-to-day delivery. Collaborate with product and engineering teams, document decisions, and validate work before release. Suitable for candidates with 1 to 3 years of relevant experience.","Java, SQL, Spring Boot, REST APIs, PostgreSQL"
Java Developer,AsterByte Labs,Bangalore,"Join our customer support team to develop enterprise APIs and troubleshoot service performance. Use Java, SQL, Spring Boot, PostgreSQL in day-to-day delivery. Collaborate with product and engineering teams, document decisions, and validate work before release. Suitable for candidates with 2 to 4 years of relevant experience.","Java, SQL, Spring Boot, PostgreSQL"
Java Developer,Cedar Data Systems,Hyderabad,"Join our energy usage team to implement transactional services and maintain enterprise integrations. Use Java, SQL, Spring Boot, Git, Unit Testing in day-to-day delivery. Collaborate with product and engineering teams, document decisions, and validate work before release. Suitable for candidates with 3 to 5 years of relevant experience.","Java, SQL, Spring Boot, Git, Unit Testing"
Java Developer,Nila Analytics,Pune,"Join our insurance operations team to develop enterprise APIs and troubleshoot service performance. Use Java, SQL, Spring Boot, Unit Testing, REST APIs in day-to-day delivery. Collaborate with product and engineering teams, document decisions, and validate work before release. Suitable for candidates with 4 to 6 years of relevant experience.","Java, SQL, Spring Boot, Unit Testing, REST APIs"
Python Developer,CopperLane Labs,Hyderabad,"Join our supplier management team to build data processing services and automate recurring operational tasks. Use Python, SQL, REST APIs, FastAPI in day-to-day delivery. Collaborate with product and engineering teams, document decisions, and validate work before release. Suitable for candidates with 1 to 3 years of relevant experience.","Python, SQL, REST APIs, FastAPI"
Python Developer,LotusWave Software,Pune,"Join our online marketplaces team to implement tested APIs and maintain scheduled ingestion jobs. Use Python, SQL, REST APIs, PostgreSQL, Git in day-to-day delivery. Collaborate with product and engineering teams, document decisions, and validate work before release. Suitable for candidates with 2 to 4 years of relevant experience.","Python, SQL, REST APIs, PostgreSQL, Git"
Python Developer,AmberNest Analytics,Mumbai,"Join our retail inventory team to build data processing services and automate recurring operational tasks. Use Python, SQL, REST APIs, Git, Docker in day-to-day delivery. Collaborate with product and engineering teams, document decisions, and validate work before release. Suitable for candidates with 3 to 5 years of relevant experience.","Python, SQL, REST APIs, Git, Docker"
Python Developer,SaffronLoop Systems,Delhi,"Join our logistics operations team to implement tested APIs and maintain scheduled ingestion jobs. Use Python, SQL, REST APIs, Docker in day-to-day delivery. Collaborate with product and engineering teams, document decisions, and validate work before release. Suitable for candidates with 4 to 6 years of relevant experience.","Python, SQL, REST APIs, Docker"
Python Developer,IvoryArc Digital,Noida,"Join our education platforms team to build data processing services and automate recurring operational tasks. Use Python, SQL, REST APIs, FastAPI, PostgreSQL in day-to-day delivery. Collaborate with product and engineering teams, document decisions, and validate work before release. Suitable for candidates with 1 to 3 years of relevant experience.","Python, SQL, REST APIs, FastAPI, PostgreSQL"
Python Developer,PebbleCloud Labs,Chennai,"Join our subscription billing team to implement tested APIs and maintain scheduled ingestion jobs. Use Python, SQL, REST APIs, PostgreSQL, Git in day-to-day delivery. Collaborate with product and engineering teams, document decisions, and validate work before release. Suitable for candidates with 2 to 4 years of relevant experience.","Python, SQL, REST APIs, PostgreSQL, Git"
Python Developer,AsterByte Labs,Gurugram,"Join our travel bookings team to build data processing services and automate recurring operational tasks. Use Python, SQL, REST APIs, Git in day-to-day delivery. Collaborate with product and engineering teams, document decisions, and validate work before release. Suitable for candidates with 3 to 5 years of relevant experience.","Python, SQL, REST APIs, Git"
Python Developer,Cedar Data Systems,Kolkata,"Join our manufacturing quality team to implement tested APIs and maintain scheduled ingestion jobs. Use Python, SQL, REST APIs, Docker, FastAPI in day-to-day delivery. Collaborate with product and engineering teams, document decisions, and validate work before release. Suitable for candidates with 4 to 6 years of relevant experience.","Python, SQL, REST APIs, Docker, FastAPI"
Cloud Engineer,SaffronLoop Systems,Pune,"Join our online marketplaces team to provision cloud infrastructure and monitor availability and cost. Use AWS, Linux, Terraform, Docker in day-to-day delivery. Collaborate with product and engineering teams, document decisions, and validate work before release. Suitable for candidates with 1 to 3 years of relevant experience.","AWS, Linux, Terraform, Docker"
Cloud Engineer,IvoryArc Digital,Mumbai,"Join our retail inventory team to configure secure cloud networks and automate environment setup. Use AWS, Linux, Terraform, Python, Kubernetes in day-to-day delivery. Collaborate with product and engineering teams, document decisions, and validate work before release. Suitable for candidates with 2 to 4 years of relevant experience.","AWS, Linux, Terraform, Python, Kubernetes"
Cloud Engineer,PebbleCloud Labs,Delhi,"Join our logistics operations team to provision cloud infrastructure and monitor availability and cost. Use AWS, Linux, Terraform, Kubernetes, Git in day-to-day delivery. Collaborate with product and engineering teams, document decisions, and validate work before release. Suitable for candidates with 3 to 5 years of relevant experience.","AWS, Linux, Terraform, Kubernetes, Git"
Cloud Engineer,AsterByte Labs,Noida,"Join our education platforms team to configure secure cloud networks and automate environment setup. Use AWS, Linux, Terraform, Git in day-to-day delivery. Collaborate with product and engineering teams, document decisions, and validate work before release. Suitable for candidates with 4 to 6 years of relevant experience.","AWS, Linux, Terraform, Git"
Cloud Engineer,Cedar Data Systems,Chennai,"Join our subscription billing team to provision cloud infrastructure and monitor availability and cost. Use AWS, Linux, Terraform, Docker, Python in day-to-day delivery. Collaborate with product and engineering teams, document decisions, and validate work before release. Suitable for candidates with 1 to 3 years of relevant experience.","AWS, Linux, Terraform, Docker, Python"
Cloud Engineer,Nila Analytics,Gurugram,"Join our travel bookings team to configure secure cloud networks and automate environment setup. Use AWS, Linux, Terraform, Python, Kubernetes in day-to-day delivery. Collaborate with product and engineering teams, document decisions, and validate work before release. Suitable for candidates with 2 to 4 years of relevant experience.","AWS, Linux, Terraform, Python, Kubernetes"
Cloud Engineer,OrbitLeaf Technologies,Kolkata,"Join our manufacturing quality team to provision cloud infrastructure and monitor availability and cost. Use AWS, Linux, Terraform, Kubernetes in day-to-day delivery. Collaborate with product and engineering teams, document decisions, and validate work before release. Suitable for candidates with 3 to 5 years of relevant experience.","AWS, Linux, Terraform, Kubernetes"
Cloud Engineer,PrismBridge Software,Bangalore,"Join our customer support team to configure secure cloud networks and automate environment setup. Use AWS, Linux, Terraform, Git, Docker in day-to-day delivery. Collaborate with product and engineering teams, document decisions, and validate work before release. Suitable for candidates with 4 to 6 years of relevant experience.","AWS, Linux, Terraform, Git, Docker"
Cloud Engineer,MapleGrid Digital,Hyderabad,"Join our energy usage team to provision cloud infrastructure and monitor availability and cost. Use AWS, Linux, Terraform, Docker, Python in day-to-day delivery. Collaborate with product and engineering teams, document decisions, and validate work before release. Suitable for candidates with 1 to 3 years of relevant experience.","AWS, Linux, Terraform, Docker, Python"
DevOps Engineer,AsterByte Labs,Mumbai,"Join our retail inventory team to maintain release pipelines and improve deployment reliability. Use AWS, Docker, CI/CD, Linux, Kubernetes in day-to-day delivery. Collaborate with product and engineering teams, document decisions, and validate work before release. Suitable for candidates with 1 to 3 years of relevant experience.","AWS, Docker, CI/CD, Linux, Kubernetes"
DevOps Engineer,Cedar Data Systems,Delhi,"Join our logistics operations team to automate container deployments and investigate infrastructure incidents. Use AWS, Docker, CI/CD, Linux, Terraform, Git in day-to-day delivery. Collaborate with product and engineering teams, document decisions, and validate work before release. Suitable for candidates with 2 to 4 years of relevant experience.","AWS, Docker, CI/CD, Linux, Terraform, Git"
DevOps Engineer,Nila Analytics,Noida,"Join our education platforms team to maintain release pipelines and improve deployment reliability. Use AWS, Docker, CI/CD, Linux, Git, Python in day-to-day delivery. Collaborate with product and engineering teams, document decisions, and validate work before release. Suitable for candidates with 3 to 5 years of relevant experience.","AWS, Docker, CI/CD, Linux, Git, Python"
DevOps Engineer,OrbitLeaf Technologies,Chennai,"Join our subscription billing team to automate container deployments and investigate infrastructure incidents. Use AWS, Docker, CI/CD, Linux, Python in day-to-day delivery. Collaborate with product and engineering teams, document decisions, and validate work before release. Suitable for candidates with 4 to 6 years of relevant experience.","AWS, Docker, CI/CD, Linux, Python"
DevOps Engineer,PrismBridge Software,Gurugram,"Join our travel bookings team to maintain release pipelines and improve deployment reliability. Use AWS, Docker, CI/CD, Linux, Kubernetes, Terraform in day-to-day delivery. Collaborate with product and engineering teams, document decisions, and validate work before release. Suitable for candidates with 1 to 3 years of relevant experience.","AWS, Docker, CI/CD, Linux, Kubernetes, Terraform"
DevOps Engineer,MapleGrid Digital,Kolkata,"Join our manufacturing quality team to automate container deployments and investigate infrastructure incidents. Use AWS, Docker, CI/CD, Linux, Terraform, Git in day-to-day delivery. Collaborate with product and engineering teams, document decisions, and validate work before release. Suitable for candidates with 2 to 4 years of relevant experience.","AWS, Docker, CI/CD, Linux, Terraform, Git"
DevOps Engineer,RiverPeak Solutions,Bangalore,"Join our customer support team to maintain release pipelines and improve deployment reliability. Use AWS, Docker, CI/CD, Linux, Git in day-to-day delivery. Collaborate with product and engineering teams, document decisions, and validate work before release. Suitable for candidates with 3 to 5 years of relevant experience.","AWS, Docker, CI/CD, Linux, Git"
DevOps Engineer,CoralStack Systems,Hyderabad,"Join our energy usage team to automate container deployments and investigate infrastructure incidents. Use AWS, Docker, CI/CD, Linux, Python, Kubernetes in day-to-day delivery. Collaborate with product and engineering teams, document decisions, and validate work before release. Suitable for candidates with 4 to 6 years of relevant experience.","AWS, Docker, CI/CD, Linux, Python, Kubernetes"
DevOps Engineer,SilverFern Cloud,Pune,"Join our insurance operations team to maintain release pipelines and improve deployment reliability. Use AWS, Docker, CI/CD, Linux, Kubernetes, Terraform in day-to-day delivery. Collaborate with product and engineering teams, document decisions, and validate work before release. Suitable for candidates with 1 to 3 years of relevant experience.","AWS, Docker, CI/CD, Linux, Kubernetes, Terraform"
DevOps Engineer,MangoTree Insights,Mumbai,"Join our warehouse planning team to automate container deployments and investigate infrastructure incidents. Use AWS, Docker, CI/CD, Linux, Terraform in day-to-day delivery. Collaborate with product and engineering teams, document decisions, and validate work before release. Suitable for candidates with 2 to 4 years of relevant experience.","AWS, Docker, CI/CD, Linux, Terraform"
